,gcc,pred_death_rate_2022
0,1GSYD,4.556666666666672
1,1RNSW,5.75222222222223
2,2GMEL,4.608888888888885
3,2RVIC,5.558888888888887
4,3GBRI,4.99111111111111
5,3RQLD,5.212222222222238
6,4GADE,5.118888888888904
7,4RSAU,5.538888888888877
8,5GPER,4.6822222222222365
9,5RWAU,5.723333333333336
10,6GHOB,5.478888888888889
11,6RTAS,5.77000000000001
12,7GDAR,5.577777777777726
13,7RNTE,8.641111111111115
